sold_homes_count,median_sale_to_list_ratio,homes_sold_over_list_price_count,median_sale_price,days_to_pending,days_to_sell
8198,0.996000019999884,3499,576007.768583773,24.022732262608688,55.92264193170769
6030,0.996000019999884,2357,557867.3092515471,16.006588589675726,59.61870475392141
5844,0.996000019999884,2731,594738.1105983624,12.001124195201951,47.654129443131
7015,1.003999980000116,3670,675951.414259556,13.000662984907846,47.654129443131
6247,1.0201931852662969,3670,744059.6698756787,13.999202723425414,41.92864503177847
6476,1.028387466903601,4149,793236.3752018423,13.999202723425414,41.26312484860336
6247,1.0201931852662969,3949,819030.4519770112,18.01132026205793,41.92864503177847
5629,1.012064196384605,3388,793236.3752018423,21.999077712789624,43.292060430818005
5604,1.003999980000116,3137,768254.642332907,21.010042023054467,43.99030468870341
4397,0.9980000019999982,2278,744059.6698756787,19.98536984923624,46.1533375366239
5242,0.996000019999884,2636,768254.642332907,25.003118897837307,44.699810712344885
4570,0.9900478503513194,1968,768254.642332907,40.00485131629249,49.99731501672439
3857,0.9821590621452428,1368,720626.6800475804,47.654129443131,57.74110735330373
5622,0.9743331324962936,1378,576007.768583773,41.92864503177847,78.25474399010263
6294,0.9880638043833972,2008,594738.1105983624,30.937503217245023,59.61870475392141
8894,0.9880638043833972,3115,634045.792489012,19.143610111800623,53.301758634919175
10673,0.996000019999884,4169,654663.3868930419,22.10865215913128,47.654129443131
12520,0.996000019999884,5102,654663.3868930419,23.950017606378463,49.99731501672439
10048,0.996000019999884,3789,614077.5168150649,17.115234049311994,53.301758634919175
11838,0.996000019999884,4470,576007.768583773,17.115234049311994,49.99731501672439
13352,0.996000019999884,4908,557867.3092515471,26.788403705510547,49.99731501672439
12133,0.9880638043833972,3876,557867.3092515471,44.699810712344885,59.61870475392141
10756,0.9880638043833972,3403,576007.768583773,43.292060430818005,69.96320187455075
8143,0.9801908252298088,2695,576007.768583773,41.26312484860336,67.7598207960662
7562,0.9801908252298088,2365,576007.768583773,43.292060430818005,68.85269799607391
5835,0.9801908252298088,1724,576007.768583773,31.94351398296992,74.5872393026706
6324,0.996000019999884,2248,557867.3092515471,19.143610111800623,59.61870475392141
7528,0.996000019999884,3382,594738.1105983624,19.143610111800623,46.8977304483148
6130,0.996000019999884,2667,594738.1105983624,25.12765606915943,49.99731501672439
5627,0.9980000019999982,1995,557867.3092515471,13.901112566011909,55.92264193170769
10788,0.996000019999884,4268,594738.1105983624,15.058895870625346,46.1533375366239
17370,0.996000019999884,7459,614077.5168150649,16.05417476390396,47.654129443131
16684,0.996000019999884,7571,634045.792489012,12.0368024775347,51.623103523669165
20311,1.003999980000116,10255,634045.792489012,13.901112566011909,47.654129443131
21748,1.003999980000116,11249,654663.3868930419,16.05417476390396,50.80370625273182
15997,1.003999980000116,8157,697931.6754033524,17.956801610857347,54.1614462203946
22174,1.003999980000116,11035,675951.414259556,17.115234049311994,55.03499944114263
16216,1.003999980000116,8137,654663.3868930419,13.039312807786446,55.92264193170769
16119,1.003999980000116,8604,675951.414259556,9.934055123607168,47.654129443131
23403,1.0201931852662969,14272,720626.6800475804,9.024731324648496,43.292060430818005
31474,1.024257549646702,20360,708916.1814244511,9.024731324648496,41.92864503177847
31192,1.0366475657336889,20743,708916.1814244511,9.024731324648496,41.92864503177847
35813,1.0407774829905876,24329,708916.1814244511,10.935001569446664,41.92864503177847
34066,1.0407774829905876,22889,708916.1814244511,13.039312807786446,43.292060430818005
33169,1.024257549646702,21545,720626.6800475804,13.901112566011909,46.1533375366239
31761,1.024257549646702,19544,720626.6800475804,15.058895870625346,47.654129443131
31653,1.0079998320041998,18029,708916.1814244511,13.039312807786446,49.99731501672439
27515,1.0079998320041998,16197,708916.1814244511,10.935001569446664,47.654129443131
29188,1.0079998320041998,17229,708916.1814244511,12.0368024775347,46.8977304483148
20616,1.0079998320041998,11867,708916.1814244511,9.024731324648496,49.99731501672439
20290,1.024257549646702,12873,708916.1814244511,7.9404400130721875,39.96360758674932
28995,1.0407774829905876,20370,755770.1684987459,7.9404400130721875,38.090664034986695
28253,1.0407774829905876,20265,805720.8490359368,9.024731324648496,38.70501657854312
23315,1.024257549646702,15749,755770.1684987459,10.004152608697126,38.70501657854312
26680,1.024257549646702,16835,755770.1684987459,11.989039147637314,41.92864503177847
22744,0.9920001679958002,11506,755770.1684987459,15.014259802242975,43.99030468870341
23167,0.9920001679958002,9198,708916.1814244511,18.029205377739,46.8977304483148
22302,0.976254461617406,7667,708916.1814244511,19.143610111800623,49.99731501672439
20682,0.976254461617406,6734,708916.1814244511,20.084914287632827,50.80370625273182
15003,0.96463256483148,4338,708916.1814244511,22.827570616499077,51.623103523669165
16567,0.96463256483148,4348,664966.9082383992,26.788403705510547,56.82460093356661
12271,0.96463256483148,3101,664966.9082383992,22.827570616499077,61.557356958653536
760,1.081120524536077,600,1174053.276881774,10.004152608697126,37.97775951003271
507,1.088716553186714,401,1053887.87575472,10.004152608697126,38.97813005423389
610,1.1129337377067163,520,1251649.300926563,8.99798112144641,34.02177210370399
968,1.125241905140909,827,1334373.834099619,8.99798112144641,34.02177210370399
1100,1.129751888217643,965,1271836.7655230998,8.99798112144641,34.98784393437179
1244,1.1073812946141892,1079,1292349.8274946634,10.004152608697126,34.98784393437179
1186,1.0725060612651542,982,1251649.300926563,13.000662984907846,37.97775951003271
1048,1.0470723328653275,788,1212230.573471736,15.014259802242975,40.00485131629249
1076,1.0304524833510404,785,1192989.2191972078,19.01067154327821,41.971916743223616
888,1.007024056104168,540,1101267.8199368126,18.01132026205793,44.03570409928367
942,1.001999998000002,539,1192989.2191972078,21.010042023054467,41.971916743223616
868,0.981178865438866,409,1155417.8988175537,31.97648071773021,48.95986089486788
683,0.9753094162456718,278,1066585.1208638968,34.02177210370399,55.98035589844984
500,0.9733607460833428,171,1028895.664555282,19.98536984923624,65.03989765493178
595,0.997003996003996,277,1083787.7425173367,16.99638108996143,40.97658219974511
907,0.999,456,1137078.3142428063,15.014259802242975,40.00485131629249
1078,1.001,600,1174053.276881774,16.006588589675726,40.97658219974511
1165,1.001,635,1212230.573471736,37.00306339465386,42.991428287326826
487,0.9714159693678917,180,1105708.250935436,67.02065809660411,64.00753983444432
232,0.9464846573585636,61,1104611.3795222538,87.97045261291021,91.01287715170206
167,0.927742999263106,40,1100201.7576575165,80.07798409093887,112.05626071694677
110,0.9408227502341991,35,1071965.1688445697,40.97658219974511,99.98308633176975
98,0.9445935791220827,27,1149691.4404315064,38.97813005423389,76.02034057842731
101,0.9521806380555288,29,1040283.7998219416,34.98784393437179,61.00774786779365
95,0.963675641625526,28,1050738.82932757,37.97775951003271,69.06174169481196
79,0.9753094162456718,23,1220784.4131162518,44.03570409928367,98.9882376705364
78,0.9890597806185512,18,1211057.095717465,13.000662984907846,78.02278912873506
70,1.007024056104168,27,1298868.6734299036,8.99798112144641,41.971916743223616
47,1.0110602206214545,21,1240474.0674799331,19.98536984923624,44.03570409928367
61,0.999,21,1194220.4224760744,22.9886483708518,58.96834998281062
74,0.999,31,1415515.340519324,21.010042023054467,48.95986089486788
120,0.999,51,1250437.664590268,24.022732262608688,47.04011666295398
96,0.9890597806185512,42,1225677.3317129917,10.004152608697126,54.00090629515911
225,1.0191811454812734,134,1296273.5312252487,7.996469989602279,34.02177210370399
879,1.02736729832577,625,1292349.8274946634,10.004152608697126,37.97775951003271
1149,1.0212215481749296,759,1251649.300926563,13.999202723425414,40.00485131629249
1182,1.0110602206214545,716,1231782.2656004203,16.006588589675726,42.991428287326826
857,1.0110602206214545,496,1231782.2656004203,12.001124195201951,47.99039037449669
